1,STU2019-00001,Liam Jones,ME19-001,1,IT210,Dr. Marcus Lee,2.5,2021-01-01 05:32:06+05:30
2,STU2020-00002,Noah Martinez,BIO20-002,2,STAT230,Prof. Peter O'Connor,3.0,2022-02-02 06:35:13+05:30
3,STU2021-00003,Oliver Anderson,PHY21-003,3,BIO250,Dr. Irene Novak,4.3,2023-03-03 07:38:20+05:30
4,STU2022-00004,Elijah Martin,STAT22-004,4,PSY101,Prof. Diego Fernandez,3.5,2024-04-04 08:41:27+05:30
5,STU2023-00005,James Harris,ME23-005,5,CIV202,Dr. Yuki Tanaka,2.1,2025-05-05 09:44:34+05:30
6,STU2024-00006,William Robinson,BIO24-006,6,CS102,Prof. Emily Turner,4.0,2021-06-06 10:47:41+05:30
7,STU2019-00007,Benjamin Wright,PHY25-007,7,DS301,Dr. Michael Zhang,3.6,2022-07-07 11:50:48+05:30
8,STU2020-00008,Lucas Flores,STAT19-008,8,PHY110,Prof. Grace Kim,4.5,2023-08-08 12:53:55+05:30
9,STU2021-00009,Henry Hall,ME20-009,1,ENG202,Dr. Chloe Martin,4.1,2024-09-09 13:56:02+05:30
10,STU2022-00010,Jack Roberts,BIO21-010,2,FIN230,Prof. Thomas Weber,5.0,2025-10-10 14:59:09+05:30
11,STU2023-00011,Emma Diaz,PHY22-011,3,MUS107,Dr. Anita Desai,2.7,2021-11-11 16:02:16+05:30
12,STU2024-00012,Olivia Reyes,STAT23-012,4,CS202,Prof. Ana Pereira,1.8,2022-12-12 17:05:23+05:30
13,STU2019-00013,Ava Cook,ME24-013,5,MATH101,Dr. Hannah Wolff,3.2,2023-01-13 18:08:30+05:30
14,STU2020-00014,Sophia Cooper,BIO25-014,6,CHEM120,Prof. Sarah Ahmed,3.9,2024-02-14 19:11:37+05:30
15,STU2021-00015,Isabella Johnson,PHY19-015,7,ECON305,Dr. Emily Chen,3.8,2025-03-15 20:14:44+05:30
16,STU2022-00016,Mia Miller,STAT20-016,8,LAW210,Prof. Julia Rossi,4.8,2021-04-16 21:17:51+05:30
17,STU2023-00017,Amelia Lopez,ME21-017,1,ENV201,Dr. Noor Rahman,4.2,2022-05-17 22:20:58+05:30
18,STU2024-00018,Harper Taylor,BIO22-018,2,CS450,Prof. Liam O'Brien,2.9,2023-06-18 23:23:05+05:30
19,STU2019-00019,Evelyn Perez,PHY23-019,3,MATH310,Dr. Kenneth Howard,4.7,2024-07-20 00:26:12+05:30
20,STU2020-00020,Abigail Clark,STAT24-020,4,BIO150,Prof. Nathan Scott,3.3,2025-08-21 01:29:19+05:30
21,STU2021-00021,Emily Young,ME25-021,5,PHIL103,Dr. Marcus Lee,2.5,2021-09-22 01:32:26+05:30
22,STU2022-00022,Ella Torres,BIO19-022,6,EE201,Prof. Peter O'Connor,3.0,2022-10-23 02:35:33+05:30
23,STU2023-00023,Elizabeth Adams,PHY20-023,7,CS101,Dr. Irene Novak,4.3,2023-11-24 03:38:40+05:30
24,STU2024-00024,Camila Campbell,STAT21-024,8,IT310,Prof. Diego Fernandez,3.5,2024-12-25 04:41:47+05:30
25,STU2019-00025,Luna Phillips,ME22-025,1,STAT330,Dr. Yuki Tanaka,2.1,2025-01-25 05:44:54+05:30
26,STU2020-00026,Sofia Cruz,BIO23-026,2,ENG102,Prof. Emily Turner,4.0,2021-02-26 06:47:01+05:30
27,STU2021-00027,Avery Morris,PHY24-027,3,BUS220,Dr. Michael Zhang,3.6,2022-03-27 07:50:08+05:30
28,STU2022-00028,Mila Gutierrez,STAT25-028,4,ART105,Prof. Grace Kim,4.5,2023-04-28 08:53:15+05:30
29,STU2023-00029,Aria Bailey,ME19-029,5,CS201,Dr. Chloe Martin,4.1,2024-05-01 09:56:22+05:30
30,STU2024-00030,Scarlett Brown,BIO20-030,6,DS401,Prof. Thomas Weber,5.0,2025-06-02 10:59:29+05:30
31,STU2019-00031,Penelope Rodriguez,PHY21-031,7,PHY210,Dr. Anita Desai,2.7,2021-07-03 12:02:36+05:30
32,STU2020-00032,Layla Wilson,STAT22-032,8,ECON205,Prof. Ana Pereira,1.8,2022-08-04 13:05:43+05:30
33,STU2021-00033,Chloe Jackson,ME23-033,1,ACC240,Dr. Hannah Wolff,3.2,2023-09-05 14:08:50+05:30
34,STU2022-00034,Victoria White,BIO24-034,2,GEO101,Prof. Sarah Ahmed,3.9,2024-10-06 15:11:57+05:30
35,STU2023-00035,Nora Lewis,PHY25-035,3,CS303,Dr. Emily Chen,3.8,2025-11-07 16:14:04+05:30
36,STU2024-00036,Hazel King,STAT19-036,4,MATH201,Prof. Julia Rossi,4.8,2021-12-08 17:17:11+05:30
37,STU2019-00037,Zoey Hill,ME20-037,5,CHEM220,Dr. Noor Rahman,4.2,2022-01-09 18:20:18+05:30
38,STU2020-00038,Riley Baker,BIO21-038,6,HIST210,Prof. Liam O'Brien,2.9,2023-02-10 19:23:25+05:30
39,STU2021-00039,Lily Carter,PHY22-039,7,ME205,Dr. Kenneth Howard,4.7,2024-03-11 20:26:32+05:30
40,STU2022-00040,Violet Turner,STAT23-040,8,MKT310,Prof. Nathan Scott,3.3,2025-04-12 21:29:39+05:30
41,STU2023-00041,Liam Collins,ME24-041,1,IT210,Dr. Marcus Lee,2.5,2021-05-13 21:32:46+05:30
42,STU2024-00042,Noah Murphy,BIO25-042,2,STAT230,Prof. Peter O'Connor,3.0,2022-06-14 22:35:53+05:30
43,STU2019-00043,Oliver Morgan,PHY19-043,3,BIO250,Dr. Irene Novak,4.3,2023-07-15 23:38:00+05:30
44,STU2020-00044,Elijah Smith,STAT20-044,4,PSY101,Prof. Diego Fernandez,3.5,2024-08-17 00:41:07+05:30
45,STU2021-00045,James Garcia,ME21-045,5,CIV202,Dr. Yuki Tanaka,2.1,2025-09-18 01:44:14+05:30
46,STU2022-00046,William Hernandez,BIO22-046,6,CS102,Prof. Emily Turner,4.0,2021-10-19 02:47:21+05:30
47,STU2023-00047,Benjamin Thomas,PHY23-047,7,DS301,Dr. Michael Zhang,3.6,2022-11-20 03:50:28+05:30
48,STU2024-00048,Lucas Lee,STAT24-048,8,PHY110,Prof. Grace Kim,4.5,2023-12-21 04:53:35+05:30
49,STU2019-00049,Henry Sanchez,ME25-049,1,ENG202,Dr. Chloe Martin,4.1,2024-01-21 05:56:42+05:30
50,STU2020-00050,Jack Walker,BIO19-050,2,FIN230,Prof. Thomas Weber,5.0,2025-02-22 06:59:49+05:30
51,STU2021-00051,Emma Scott,PHY20-051,3,MUS107,Dr. Anita Desai,2.7,2021-03-23 08:02:56+05:30
52,STU2022-00052,Olivia Green,STAT21-052,4,CS202,Prof. Ana Pereira,1.8,2022-04-24 09:05:03+05:30
53,STU2023-00053,Ava Rivera,ME22-053,5,MATH101,Dr. Hannah Wolff,3.2,2023-05-25 10:08:10+05:30
54,STU2024-00054,Sophia Gomez,BIO23-054,6,CHEM120,Prof. Sarah Ahmed,3.9,2024-06-26 11:11:17+05:30
55,STU2019-00055,Isabella Parker,PHY24-055,7,ECON305,Dr. Emily Chen,3.8,2025-07-27 12:14:24+05:30
56,STU2020-00056,Mia Stewart,STAT25-056,8,LAW210,Prof. Julia Rossi,4.8,2021-08-28 13:17:31+05:30
57,STU2021-00057,Amelia Rogers,ME19-057,1,ENV201,Dr. Noor Rahman,4.2,2022-09-01 14:20:38+05:30
58,STU2022-00058,Harper Peterson,BIO20-058,2,CS450,Prof. Liam O'Brien,2.9,2023-10-02 15:23:45+05:30
59,STU2023-00059,Evelyn Williams,PHY21-059,3,MATH310,Dr. Kenneth Howard,4.7,2024-11-03 16:26:52+05:30
60,STU2024-00060,Abigail Davis,STAT22-060,4,BIO150,Prof. Nathan Scott,3.3,2025-12-04 17:29:59+05:30
61,STU2019-00061,Emily Gonzalez,ME23-061,5,PHIL103,Dr. Marcus Lee,2.5,2021-01-05 17:32:06+05:30
62,STU2020-00062,Ella Moore,BIO24-062,6,EE201,Prof. Peter O'Connor,3.0,2022-02-06 18:35:13+05:30
63,STU2021-00063,Elizabeth Thompson,PHY25-063,7,CS101,Dr. Irene Novak,4.3,2023-03-07 19:38:20+05:30
64,STU2022-00064,Camila Ramirez,STAT19-064,8,IT310,Prof. Diego Fernandez,3.5,2024-04-08 20:41:27+05:30
65,STU2023-00065,Luna Allen,ME20-065,1,STAT330,Dr. Yuki Tanaka,2.1,2025-05-09 21:44:34+05:30
66,STU2024-00066,Sofia Nguyen,BIO21-066,2,ENG102,Prof. Emily Turner,4.0,2021-06-10 22:47:41+05:30
67,STU2019-00067,Avery Nelson,PHY22-067,3,BUS220,Dr. Michael Zhang,3.6,2022-07-11 23:50:48+05:30
68,STU2020-00068,Mila Mitchell,STAT23-068,4,ART105,Prof. Grace Kim,4.5,2023-08-13 00:53:55+05:30
69,STU2021-00069,Aria Evans,ME24-069,5,CS201,Dr. Chloe Martin,4.1,2024-09-14 01:56:02+05:30
70,STU2022-00070,Scarlett Edwards,BIO25-070,6,DS401,Prof. Thomas Weber,5.0,2025-10-15 02:59:09+05:30
71,STU2023-00071,Penelope Morales,PHY19-071,7,PHY210,Dr. Anita Desai,2.7,2021-11-16 04:02:16+05:30
72,STU2024-00072,Layla Ortiz,STAT20-072,8,ECON205,Prof. Ana Pereira,1.8,2022-12-17 05:05:23+05:30
73,STU2019-00073,Chloe Reed,ME21-073,1,ACC240,Dr. Hannah Wolff,3.2,2023-01-17 06:08:30+05:30
74,STU2020-00074,Victoria Jones,BIO22-074,2,GEO101,Prof. Sarah Ahmed,3.9,2024-02-18 07:11:37+05:30
75,STU2021-00075,Nora Martinez,PHY23-075,3,CS303,Dr. Emily Chen,3.8,2025-03-19 08:14:44+05:30
76,STU2022-00076,Hazel Anderson,STAT24-076,4,MATH201,Prof. Julia Rossi,4.8,2021-04-20 09:17:51+05:30
77,STU2023-00077,Zoey Martin,ME25-077,5,CHEM220,Dr. Noor Rahman,4.2,2022-05-21 10:20:58+05:30
78,STU2024-00078,Riley Harris,BIO19-078,6,HIST210,Prof. Liam O'Brien,2.9,2023-06-22 11:23:05+05:30
79,STU2019-00079,Lily Robinson,PHY20-079,7,ME205,Dr. Kenneth Howard,4.7,2024-07-23 12:26:12+05:30
80,STU2020-00080,Violet Wright,STAT21-080,8,MKT310,Prof. Nathan Scott,3.3,2025-08-24 13:29:19+05:30
81,STU2021-00081,Liam Flores,ME22-081,1,IT210,Dr. Marcus Lee,2.5,2021-09-25 13:32:26+05:30
82,STU2022-00082,Noah Hall,BIO23-082,2,STAT230,Prof. Peter O'Connor,3.0,2022-10-26 14:35:33+05:30
83,STU2023-00083,Oliver Roberts,PHY24-083,3,BIO250,Dr. Irene Novak,4.3,2023-11-27 15:38:40+05:30
84,STU2024-00084,Elijah Diaz,STAT25-084,4,PSY101,Prof. Diego Fernandez,3.5,2024-12-28 16:41:47+05:30
85,STU2019-00085,James Reyes,ME19-085,5,CIV202,Dr. Yuki Tanaka,2.1,2025-01-01 17:44:54+05:30
86,STU2020-00086,William Cook,BIO20-086,6,CS102,Prof. Emily Turner,4.0,2021-02-02 18:47:01+05:30
87,STU2021-00087,Benjamin Cooper,PHY21-087,7,DS301,Dr. Michael Zhang,3.6,2022-03-03 19:50:08+05:30
88,STU2022-00088,Lucas Johnson,STAT22-088,8,PHY110,Prof. Grace Kim,4.5,2023-04-04 20:53:15+05:30
89,STU2023-00089,Henry Miller,ME23-089,1,ENG202,Dr. Chloe Martin,4.1,2024-05-05 21:56:22+05:30
90,STU2024-00090,Jack Lopez,BIO24-090,2,FIN230,Prof. Thomas Weber,5.0,2025-06-06 22:59:29+05:30
91,STU2019-00091,Emma Taylor,PHY25-091,3,MUS107,Dr. Anita Desai,2.7,2021-07-08 00:02:36+05:30
92,STU2020-00092,Olivia Perez,STAT19-092,4,CS202,Prof. Ana Pereira,1.8,2022-08-09 01:05:43+05:30
93,STU2021-00093,Ava Clark,ME20-093,5,MATH101,Dr. Hannah Wolff,3.2,2023-09-10 02:08:50+05:30
94,STU2022-00094,Sophia Young,BIO21-094,6,CHEM120,Prof. Sarah Ahmed,3.9,2024-10-11 03:11:57+05:30
95,STU2023-00095,Isabella Torres,PHY22-095,7,ECON305,Dr. Emily Chen,3.8,2025-11-12 04:14:04+05:30
96,STU2024-00096,Mia Adams,STAT23-096,8,LAW210,Prof. Julia Rossi,4.8,2021-12-13 05:17:11+05:30
97,STU2019-00097,Amelia Campbell,ME24-097,1,ENV201,Dr. Noor Rahman,4.2,2022-01-13 06:20:18+05:30
98,STU2020-00098,Harper Phillips,BIO25-098,2,CS450,Prof. Liam O'Brien,2.9,2023-02-14 07:23:25+05:30
99,STU2021-00099,Evelyn Cruz,PHY19-099,3,MATH310,Dr. Kenneth Howard,4.7,2024-03-15 08:26:32+05:30
100,STU2022-00100,Abigail Morris,STAT20-100,4,BIO150,Prof. Nathan Scott,3.3,2025-04-16 09:29:39+05:30
101,STU2023-00101,Emily Gutierrez,ME21-101,5,PHIL103,Dr. Marcus Lee,2.5,2021-05-17 09:32:46+05:30
102,STU2024-00102,Ella Bailey,BIO22-102,6,EE201,Prof. Peter O'Connor,3.0,2022-06-18 10:35:53+05:30
103,STU2019-00103,Elizabeth Brown,PHY23-103,7,CS101,Dr. Irene Novak,4.3,2023-07-19 11:38:00+05:30
104,STU2020-00104,Camila Rodriguez,STAT24-104,8,IT310,Prof. Diego Fernandez,3.5,2024-08-20 12:41:07+05:30
105,STU2021-00105,Luna Wilson,ME25-105,1,STAT330,Dr. Yuki Tanaka,2.1,2025-09-21 13:44:14+05:30
106,STU2022-00106,Sofia Jackson,BIO19-106,2,ENG102,Prof. Emily Turner,4.0,2021-10-22 14:47:21+05:30
107,STU2023-00107,Avery White,PHY20-107,3,BUS220,Dr. Michael Zhang,3.6,2022-11-23 15:50:28+05:30
108,STU2024-00108,Mila Lewis,STAT21-108,4,ART105,Prof. Grace Kim,4.5,2023-12-24 16:53:35+05:30
109,STU2019-00109,Aria King,ME22-109,5,CS201,Dr. Chloe Martin,4.1,2024-01-25 17:56:42+05:30
110,STU2020-00110,Scarlett Hill,BIO23-110,6,DS401,Prof. Thomas Weber,5.0,2025-02-26 18:59:49+05:30
111,STU2021-00111,Penelope Baker,PHY24-111,7,PHY210,Dr. Anita Desai,2.7,2021-03-27 20:02:56+05:30
112,STU2022-00112,Layla Carter,STAT25-112,8,ECON205,Prof. Ana Pereira,1.8,2022-04-28 21:05:03+05:30
113,STU2023-00113,Chloe Turner,ME19-113,1,ACC240,Dr. Hannah Wolff,3.2,2023-05-01 22:08:10+05:30
114,STU2024-00114,Victoria Collins,BIO20-114,2,GEO101,Prof. Sarah Ahmed,3.9,2024-06-02 23:11:17+05:30
115,STU2019-00115,Nora Murphy,PHY21-115,3,CS303,Dr. Emily Chen,3.8,2025-07-04 00:14:24+05:30
116,STU2020-00116,Hazel Morgan,STAT22-116,4,MATH201,Prof. Julia Rossi,4.8,2021-08-05 01:17:31+05:30
117,STU2021-00117,Zoey Smith,ME23-117,5,CHEM220,Dr. Noor Rahman,4.2,2022-09-06 02:20:38+05:30
118,STU2022-00118,Riley Garcia,BIO24-118,6,HIST210,Prof. Liam O'Brien,2.9,2023-10-07 03:23:45+05:30
119,STU2023-00119,Lily Hernandez,PHY25-119,7,ME205,Dr. Kenneth Howard,4.7,2024-11-08 04:26:52+05:30
120,STU2024-00120,Violet Thomas,STAT19-120,8,MKT310,Prof. Nathan Scott,3.3,2025-12-09 05:29:59+05:30
121,STU2019-00121,Liam Lee,ME20-121,1,IT210,Dr. Marcus Lee,2.5,2021-01-09 05:32:06+05:30
122,STU2020-00122,Noah Sanchez,BIO21-122,2,STAT230,Prof. Peter O'Connor,3.0,2022-02-10 06:35:13+05:30
123,STU2021-00123,Oliver Walker,PHY22-123,3,BIO250,Dr. Irene Novak,4.3,2023-03-11 07:38:20+05:30
124,STU2022-00124,Elijah Scott,STAT23-124,4,PSY101,Prof. Diego Fernandez,3.5,2024-04-12 08:41:27+05:30
125,STU2023-00125,James Green,ME24-125,5,CIV202,Dr. Yuki Tanaka,2.1,2025-05-13 09:44:34+05:30
126,STU2024-00126,William Rivera,BIO25-126,6,CS102,Prof. Emily Turner,4.0,2021-06-14 10:47:41+05:30
127,STU2019-00127,Benjamin Gomez,PHY19-127,7,DS301,Dr. Michael Zhang,3.6,2022-07-15 11:50:48+05:30
128,STU2020-00128,Lucas Parker,STAT20-128,8,PHY110,Prof. Grace Kim,4.5,2023-08-16 12:53:55+05:30
129,STU2021-00129,Henry Stewart,ME21-129,1,ENG202,Dr. Chloe Martin,4.1,2024-09-17 13:56:02+05:30
130,STU2022-00130,Jack Rogers,BIO22-130,2,FIN230,Prof. Thomas Weber,5.0,2025-10-18 14:59:09+05:30
131,STU2023-00131,Emma Peterson,PHY23-131,3,MUS107,Dr. Anita Desai,2.7,2021-11-19 16:02:16+05:30
132,STU2024-00132,Olivia Williams,STAT24-132,4,CS202,Prof. Ana Pereira,1.8,2022-12-20 17:05:23+05:30
133,STU2019-00133,Ava Davis,ME25-133,5,MATH101,Dr. Hannah Wolff,3.2,2023-01-21 18:08:30+05:30
134,STU2020-00134,Sophia Gonzalez,BIO19-134,6,CHEM120,Prof. Sarah Ahmed,3.9,2024-02-22 19:11:37+05:30
135,STU2021-00135,Isabella Moore,PHY20-135,7,ECON305,Dr. Emily Chen,3.8,2025-03-23 20:14:44+05:30
136,STU2022-00136,Mia Thompson,STAT21-136,8,LAW210,Prof. Julia Rossi,4.8,2021-04-24 21:17:51+05:30
137,STU2023-00137,Amelia Ramirez,ME22-137,1,ENV201,Dr. Noor Rahman,4.2,2022-05-25 22:20:58+05:30
138,STU2024-00138,Harper Allen,BIO23-138,2,CS450,Prof. Liam O'Brien,2.9,2023-06-26 23:23:05+05:30
139,STU2019-00139,Evelyn Nguyen,PHY24-139,3,MATH310,Dr. Kenneth Howard,4.7,2024-07-28 00:26:12+05:30
140,STU2020-00140,Abigail Nelson,STAT25-140,4,BIO150,Prof. Nathan Scott,3.3,2025-08-29 01:29:19+05:30
141,STU2021-00141,Emily Mitchell,ME19-141,5,PHIL103,Dr. Marcus Lee,2.5,2021-09-02 01:32:26+05:30
142,STU2022-00142,Ella Evans,BIO20-142,6,EE201,Prof. Peter O'Connor,3.0,2022-10-03 02:35:33+05:30
143,STU2023-00143,Elizabeth Edwards,PHY21-143,7,CS101,Dr. Irene Novak,4.3,2023-11-04 03:38:40+05:30
144,STU2024-00144,Camila Morales,STAT22-144,8,IT310,Prof. Diego Fernandez,3.5,2024-12-05 04:41:47+05:30
145,STU2019-00145,Luna Ortiz,ME23-145,1,STAT330,Dr. Yuki Tanaka,2.1,2025-01-05 05:44:54+05:30
146,STU2020-00146,Sofia Reed,BIO24-146,2,ENG102,Prof. Emily Turner,4.0,2021-02-06 06:47:01+05:30
147,STU2021-00147,Avery Jones,PHY25-147,3,BUS220,Dr. Michael Zhang,3.6,2022-03-07 07:50:08+05:30
148,STU2022-00148,Mila Martinez,STAT19-148,4,ART105,Prof. Grace Kim,4.5,2023-04-08 08:53:15+05:30
149,STU2023-00149,Aria Anderson,ME20-149,5,CS201,Dr. Chloe Martin,4.1,2024-05-09 09:56:22+05:30
150,STU2024-00150,Scarlett Martin,BIO21-150,6,DS401,Prof. Thomas Weber,5.0,2025-06-10 10:59:29+05:30
151,STU2019-00151,Penelope Harris,PHY22-151,7,PHY210,Dr. Anita Desai,2.7,2021-07-11 12:02:36+05:30
152,STU2020-00152,Layla Robinson,STAT23-152,8,ECON205,Prof. Ana Pereira,1.8,2022-08-12 13:05:43+05:30
153,STU2021-00153,Chloe Wright,ME24-153,1,ACC240,Dr. Hannah Wolff,3.2,2023-09-13 14:08:50+05:30
154,STU2022-00154,Victoria Flores,BIO25-154,2,GEO101,Prof. Sarah Ahmed,3.9,2024-10-14 15:11:57+05:30
155,STU2023-00155,Nora Hall,PHY19-155,3,CS303,Dr. Emily Chen,3.8,2025-11-15 16:14:04+05:30
156,STU2024-00156,Hazel Roberts,STAT20-156,4,MATH201,Prof. Julia Rossi,4.8,2021-12-16 17:17:11+05:30
157,STU2019-00157,Zoey Diaz,ME21-157,5,CHEM220,Dr. Noor Rahman,4.2,2022-01-17 18:20:18+05:30
158,STU2020-00158,Riley Reyes,BIO22-158,6,HIST210,Prof. Liam O'Brien,2.9,2023-02-18 19:23:25+05:30
159,STU2021-00159,Lily Cook,PHY23-159,7,ME205,Dr. Kenneth Howard,4.7,2024-03-19 20:26:32+05:30
160,STU2022-00160,Violet Cooper,STAT24-160,8,MKT310,Prof. Nathan Scott,3.3,2025-04-20 21:29:39+05:30
161,STU2023-00161,Liam Johnson,ME25-161,1,IT210,Dr. Marcus Lee,2.5,2021-05-21 21:32:46+05:30
162,STU2024-00162,Noah Miller,BIO19-162,2,STAT230,Prof. Peter O'Connor,3.0,2022-06-22 22:35:53+05:30
163,STU2019-00163,Oliver Lopez,PHY20-163,3,BIO250,Dr. Irene Novak,4.3,2023-07-23 23:38:00+05:30
164,STU2020-00164,Elijah Taylor,STAT21-164,4,PSY101,Prof. Diego Fernandez,3.5,2024-08-25 00:41:07+05:30
165,STU2021-00165,James Perez,ME22-165,5,CIV202,Dr. Yuki Tanaka,2.1,2025-09-26 01:44:14+05:30
166,STU2022-00166,William Clark,BIO23-166,6,CS102,Prof. Emily Turner,4.0,2021-10-27 02:47:21+05:30
167,STU2023-00167,Benjamin Young,PHY24-167,7,DS301,Dr. Michael Zhang,3.6,2022-11-28 03:50:28+05:30
168,STU2024-00168,Lucas Torres,STAT25-168,8,PHY110,Prof. Grace Kim,4.5,2023-12-29 04:53:35+05:30
169,STU2019-00169,Henry Adams,ME19-169,1,ENG202,Dr. Chloe Martin,4.1,2024-01-01 05:56:42+05:30
170,STU2020-00170,Jack Campbell,BIO20-170,2,FIN230,Prof. Thomas Weber,5.0,2025-02-02 06:59:49+05:30
171,STU2021-00171,Emma Phillips,PHY21-171,3,MUS107,Dr. Anita Desai,2.7,2021-03-03 08:02:56+05:30
172,STU2022-00172,Olivia Cruz,STAT22-172,4,CS202,Prof. Ana Pereira,1.8,2022-04-04 09:05:03+05:30
173,STU2023-00173,Ava Morris,ME23-173,5,MATH101,Dr. Hannah Wolff,3.2,2023-05-05 10:08:10+05:30
174,STU2024-00174,Sophia Gutierrez,BIO24-174,6,CHEM120,Prof. Sarah Ahmed,3.9,2024-06-06 11:11:17+05:30
175,STU2019-00175,Isabella Bailey,PHY25-175,7,ECON305,Dr. Emily Chen,3.8,2025-07-07 12:14:24+05:30
176,STU2020-00176,Mia Brown,STAT19-176,8,LAW210,Prof. Julia Rossi,4.8,2021-08-08 13:17:31+05:30
177,STU2021-00177,Amelia Rodriguez,ME20-177,1,ENV201,Dr. Noor Rahman,4.2,2022-09-09 14:20:38+05:30
178,STU2022-00178,Harper Wilson,BIO21-178,2,CS450,Prof. Liam O'Brien,2.9,2023-10-10 15:23:45+05:30
179,STU2023-00179,Evelyn Jackson,PHY22-179,3,MATH310,Dr. Kenneth Howard,4.7,2024-11-11 16:26:52+05:30
180,STU2024-00180,Abigail White,STAT23-180,4,BIO150,Prof. Nathan Scott,3.3,2025-12-12 17:29:59+05:30
181,STU2019-00181,Emily Lewis,ME24-181,5,PHIL103,Dr. Marcus Lee,2.5,2021-01-13 17:32:06+05:30
182,STU2020-00182,Ella King,BIO25-182,6,EE201,Prof. Peter O'Connor,3.0,2022-02-14 18:35:13+05:30
183,STU2021-00183,Elizabeth Hill,PHY19-183,7,CS101,Dr. Irene Novak,4.3,2023-03-15 19:38:20+05:30
184,STU2022-00184,Camila Baker,STAT20-184,8,IT310,Prof. Diego Fernandez,3.5,2024-04-16 20:41:27+05:30
185,STU2023-00185,Luna Carter,ME21-185,1,STAT330,Dr. Yuki Tanaka,2.1,2025-05-17 21:44:34+05:30
186,STU2024-00186,Sofia Turner,BIO22-186,2,ENG102,Prof. Emily Turner,4.0,2021-06-18 22:47:41+05:30
187,STU2019-00187,Avery Collins,PHY23-187,3,BUS220,Dr. Michael Zhang,3.6,2022-07-19 23:50:48+05:30
188,STU2020-00188,Mila Murphy,STAT24-188,4,ART105,Prof. Grace Kim,4.5,2023-08-21 00:53:55+05:30
189,STU2021-00189,Aria Morgan,ME25-189,5,CS201,Dr. Chloe Martin,4.1,2024-09-22 01:56:02+05:30
190,STU2022-00190,Scarlett Smith,BIO19-190,6,DS401,Prof. Thomas Weber,5.0,2025-10-23 02:59:09+05:30
191,STU2023-00191,Penelope Garcia,PHY20-191,7,PHY210,Dr. Anita Desai,2.7,2021-11-24 04:02:16+05:30
192,STU2024-00192,Layla Hernandez,STAT21-192,8,ECON205,Prof. Ana Pereira,1.8,2022-12-25 05:05:23+05:30
193,STU2019-00193,Chloe Thomas,ME22-193,1,ACC240,Dr. Hannah Wolff,3.2,2023-01-25 06:08:30+05:30
194,STU2020-00194,Victoria Lee,BIO23-194,2,GEO101,Prof. Sarah Ahmed,3.9,2024-02-26 07:11:37+05:30
195,STU2021-00195,Nora Sanchez,PHY24-195,3,CS303,Dr. Emily Chen,3.8,2025-03-27 08:14:44+05:30
196,STU2022-00196,Hazel Walker,STAT25-196,4,MATH201,Prof. Julia Rossi,4.8,2021-04-28 09:17:51+05:30
197,STU2023-00197,Zoey Scott,ME19-197,5,CHEM220,Dr. Noor Rahman,4.2,2022-05-01 10:20:58+05:30
198,STU2024-00198,Riley Green,BIO20-198,6,HIST210,Prof. Liam O'Brien,2.9,2023-06-02 11:23:05+05:30
199,STU2019-00199,Lily Rivera,PHY21-199,7,ME205,Dr. Kenneth Howard,4.7,2024-07-03 12:26:12+05:30
200,STU2020-00200,Violet Gomez,STAT22-200,8,MKT310,Prof. Nathan Scott,3.3,2025-08-04 13:29:19+05:30
201,STU2021-00201,Liam Parker,ME23-201,1,IT210,Dr. Marcus Lee,2.5,2021-09-05 13:32:26+05:30
202,STU2022-00202,Noah Stewart,BIO24-202,2,STAT230,Prof. Peter O'Connor,3.0,2022-10-06 14:35:33+05:30
203,STU2023-00203,Oliver Rogers,PHY25-203,3,BIO250,Dr. Irene Novak,4.3,2023-11-07 15:38:40+05:30
204,STU2024-00204,Elijah Peterson,STAT19-204,4,PSY101,Prof. Diego Fernandez,3.5,2024-12-08 16:41:47+05:30
205,STU2019-00205,James Williams,ME20-205,5,CIV202,Dr. Yuki Tanaka,2.1,2025-01-09 17:44:54+05:30
206,STU2020-00206,William Davis,BIO21-206,6,CS102,Prof. Emily Turner,4.0,2021-02-10 18:47:01+05:30
207,STU2021-00207,Benjamin Gonzalez,PHY22-207,7,DS301,Dr. Michael Zhang,3.6,2022-03-11 19:50:08+05:30
208,STU2022-00208,Lucas Moore,STAT23-208,8,PHY110,Prof. Grace Kim,4.5,2023-04-12 20:53:15+05:30
209,STU2023-00209,Henry Thompson,ME24-209,1,ENG202,Dr. Chloe Martin,4.1,2024-05-13 21:56:22+05:30
210,STU2024-00210,Jack Ramirez,BIO25-210,2,FIN230,Prof. Thomas Weber,5.0,2025-06-14 22:59:29+05:30
211,STU2019-00211,Emma Allen,PHY19-211,3,MUS107,Dr. Anita Desai,2.7,2021-07-16 00:02:36+05:30
212,STU2020-00212,Olivia Nguyen,STAT20-212,4,CS202,Prof. Ana Pereira,1.8,2022-08-17 01:05:43+05:30
213,STU2021-00213,Ava Nelson,ME21-213,5,MATH101,Dr. Hannah Wolff,3.2,2023-09-18 02:08:50+05:30
214,STU2022-00214,Sophia Mitchell,BIO22-214,6,CHEM120,Prof. Sarah Ahmed,3.9,2024-10-19 03:11:57+05:30
215,STU2023-00215,Isabella Evans,PHY23-215,7,ECON305,Dr. Emily Chen,3.8,2025-11-20 04:14:04+05:30
216,STU2024-00216,Mia Edwards,STAT24-216,8,LAW210,Prof. Julia Rossi,4.8,2021-12-21 05:17:11+05:30
217,STU2019-00217,Amelia Morales,ME25-217,1,ENV201,Dr. Noor Rahman,4.2,2022-01-21 06:20:18+05:30
218,STU2020-00218,Harper Ortiz,BIO19-218,2,CS450,Prof. Liam O'Brien,2.9,2023-02-22 07:23:25+05:30
219,STU2021-00219,Evelyn Reed,PHY20-219,3,MATH310,Dr. Kenneth Howard,4.7,2024-03-23 08:26:32+05:30
220,STU2022-00220,Abigail Jones,STAT21-220,4,BIO150,Prof. Nathan Scott,3.3,2025-04-24 09:29:39+05:30
221,STU2023-00221,Emily Martinez,ME22-221,5,PHIL103,Dr. Marcus Lee,2.5,2021-05-25 09:32:46+05:30
222,STU2024-00222,Ella Anderson,BIO23-222,6,EE201,Prof. Peter O'Connor,3.0,2022-06-26 10:35:53+05:30
223,STU2019-00223,Elizabeth Martin,PHY24-223,7,CS101,Dr. Irene Novak,4.3,2023-07-27 11:38:00+05:30
224,STU2020-00224,Camila Harris,STAT25-224,8,IT310,Prof. Diego Fernandez,3.5,2024-08-28 12:41:07+05:30
225,STU2021-00225,Luna Robinson,ME19-225,1,STAT330,Dr. Yuki Tanaka,2.1,2025-09-01 13:44:14+05:30
226,STU2022-00226,Sofia Wright,BIO20-226,2,ENG102,Prof. Emily Turner,4.0,2021-10-02 14:47:21+05:30
227,STU2023-00227,Avery Flores,PHY21-227,3,BUS220,Dr. Michael Zhang,3.6,2022-11-03 15:50:28+05:30
228,STU2024-00228,Mila Hall,STAT22-228,4,ART105,Prof. Grace Kim,4.5,2023-12-04 16:53:35+05:30
229,STU2019-00229,Aria Roberts,ME23-229,5,CS201,Dr. Chloe Martin,4.1,2024-01-05 17:56:42+05:30
230,STU2020-00230,Scarlett Diaz,BIO24-230,6,DS401,Prof. Thomas Weber,5.0,2025-02-06 18:59:49+05:30
231,STU2021-00231,Penelope Reyes,PHY25-231,7,PHY210,Dr. Anita Desai,2.7,2021-03-07 20:02:56+05:30
232,STU2022-00232,Layla Cook,STAT19-232,8,ECON205,Prof. Ana Pereira,1.8,2022-04-08 21:05:03+05:30
233,STU2023-00233,Chloe Cooper,ME20-233,1,ACC240,Dr. Hannah Wolff,3.2,2023-05-09 22:08:10+05:30
234,STU2024-00234,Victoria Johnson,BIO21-234,2,GEO101,Prof. Sarah Ahmed,3.9,2024-06-10 23:11:17+05:30
235,STU2019-00235,Nora Miller,PHY22-235,3,CS303,Dr. Emily Chen,3.8,2025-07-12 00:14:24+05:30
236,STU2020-00236,Hazel Lopez,STAT23-236,4,MATH201,Prof. Julia Rossi,4.8,2021-08-13 01:17:31+05:30
237,STU2021-00237,Zoey Taylor,ME24-237,5,CHEM220,Dr. Noor Rahman,4.2,2022-09-14 02:20:38+05:30
238,STU2022-00238,Riley Perez,BIO25-238,6,HIST210,Prof. Liam O'Brien,2.9,2023-10-15 03:23:45+05:30
239,STU2023-00239,Lily Clark,PHY19-239,7,ME205,Dr. Kenneth Howard,4.7,2024-11-16 04:26:52+05:30
240,STU2024-00240,Violet Young,STAT20-240,8,MKT310,Prof. Nathan Scott,3.3,2025-12-17 05:29:59+05:30
241,STU2019-00241,Liam Torres,ME21-241,1,IT210,Dr. Marcus Lee,2.5,2021-01-17 05:32:06+05:30
242,STU2020-00242,Noah Adams,BIO22-242,2,STAT230,Prof. Peter O'Connor,3.0,2022-02-18 06:35:13+05:30
243,STU2021-00243,Oliver Campbell,PHY23-243,3,BIO250,Dr. Irene Novak,4.3,2023-03-19 07:38:20+05:30
244,STU2022-00244,Elijah Phillips,STAT24-244,4,PSY101,Prof. Diego Fernandez,3.5,2024-04-20 08:41:27+05:30
245,STU2023-00245,James Cruz,ME25-245,5,CIV202,Dr. Yuki Tanaka,2.1,2025-05-21 09:44:34+05:30
246,STU2024-00246,William Morris,BIO19-246,6,CS102,Prof. Emily Turner,4.0,2021-06-22 10:47:41+05:30
247,STU2019-00247,Benjamin Gutierrez,PHY20-247,7,DS301,Dr. Michael Zhang,3.6,2022-07-23 11:50:48+05:30
248,STU2020-00248,Lucas Bailey,STAT21-248,8,PHY110,Prof. Grace Kim,4.5,2023-08-24 12:53:55+05:30
249,STU2021-00249,Henry Brown,ME22-249,1,ENG202,Dr. Chloe Martin,4.1,2024-09-25 13:56:02+05:30
250,STU2022-00250,Jack Rodriguez,BIO23-250,2,FIN230,Prof. Thomas Weber,5.0,2025-10-26 14:59:09+05:30
251,STU2023-00251,Emma Wilson,PHY24-251,3,MUS107,Dr. Anita Desai,2.7,2021-11-27 16:02:16+05:30
252,STU2024-00252,Olivia Jackson,STAT25-252,4,CS202,Prof. Ana Pereira,1.8,2022-12-28 17:05:23+05:30
253,STU2019-00253,Ava White,ME19-253,5,MATH101,Dr. Hannah Wolff,3.2,2023-01-01 18:08:30+05:30
254,STU2020-00254,Sophia Lewis,BIO20-254,6,CHEM120,Prof. Sarah Ahmed,3.9,2024-02-02 19:11:37+05:30
255,STU2021-00255,Isabella King,PHY21-255,7,ECON305,Dr. Emily Chen,3.8,2025-03-03 20:14:44+05:30
256,STU2022-00256,Mia Hill,STAT22-256,8,LAW210,Prof. Julia Rossi,4.8,2021-04-04 21:17:51+05:30
257,STU2023-00257,Amelia Baker,ME23-257,1,ENV201,Dr. Noor Rahman,4.2,2022-05-05 22:20:58+05:30
258,STU2024-00258,Harper Carter,BIO24-258,2,CS450,Prof. Liam O'Brien,2.9,2023-06-06 23:23:05+05:30
259,STU2019-00259,Evelyn Turner,PHY25-259,3,MATH310,Dr. Kenneth Howard,4.7,2024-07-08 00:26:12+05:30
260,STU2020-00260,Abigail Collins,STAT19-260,4,BIO150,Prof. Nathan Scott,3.3,2025-08-09 01:29:19+05:30
261,STU2021-00261,Emily Murphy,ME20-261,5,PHIL103,Dr. Marcus Lee,2.5,2021-09-10 01:32:26+05:30
262,STU2022-00262,Ella Morgan,BIO21-262,6,EE201,Prof. Peter O'Connor,3.0,2022-10-11 02:35:33+05:30
263,STU2023-00263,Elizabeth Smith,PHY22-263,7,CS101,Dr. Irene Novak,4.3,2023-11-12 03:38:40+05:30
264,STU2024-00264,Camila Garcia,STAT23-264,8,IT310,Prof. Diego Fernandez,3.5,2024-12-13 04:41:47+05:30
265,STU2019-00265,Luna Hernandez,ME24-265,1,STAT330,Dr. Yuki Tanaka,2.1,2025-01-13 05:44:54+05:30
266,STU2020-00266,Sofia Thomas,BIO25-266,2,ENG102,Prof. Emily Turner,4.0,2021-02-14 06:47:01+05:30
267,STU2021-00267,Avery Lee,PHY19-267,3,BUS220,Dr. Michael Zhang,3.6,2022-03-15 07:50:08+05:30
268,STU2022-00268,Mila Sanchez,STAT20-268,4,ART105,Prof. Grace Kim,4.5,2023-04-16 08:53:15+05:30
269,STU2023-00269,Aria Walker,ME21-269,5,CS201,Dr. Chloe Martin,4.1,2024-05-17 09:56:22+05:30
270,STU2024-00270,Scarlett Scott,BIO22-270,6,DS401,Prof. Thomas Weber,5.0,2025-06-18 10:59:29+05:30
271,STU2019-00271,Penelope Green,PHY23-271,7,PHY210,Dr. Anita Desai,2.7,2021-07-19 12:02:36+05:30
272,STU2020-00272,Layla Rivera,STAT24-272,8,ECON205,Prof. Ana Pereira,1.8,2022-08-20 13:05:43+05:30
273,STU2021-00273,Chloe Gomez,ME25-273,1,ACC240,Dr. Hannah Wolff,3.2,2023-09-21 14:08:50+05:30
274,STU2022-00274,Victoria Parker,BIO19-274,2,GEO101,Prof. Sarah Ahmed,3.9,2024-10-22 15:11:57+05:30
275,STU2023-00275,Nora Stewart,PHY20-275,3,CS303,Dr. Emily Chen,3.8,2025-11-23 16:14:04+05:30
276,STU2024-00276,Hazel Rogers,STAT21-276,4,MATH201,Prof. Julia Rossi,4.8,2021-12-24 17:17:11+05:30
277,STU2019-00277,Zoey Peterson,ME22-277,5,CHEM220,Dr. Noor Rahman,4.2,2022-01-25 18:20:18+05:30
278,STU2020-00278,Riley Williams,BIO23-278,6,HIST210,Prof. Liam O'Brien,2.9,2023-02-26 19:23:25+05:30
279,STU2021-00279,Lily Davis,PHY24-279,7,ME205,Dr. Kenneth Howard,4.7,2024-03-27 20:26:32+05:30
280,STU2022-00280,Violet Gonzalez,STAT25-280,8,MKT310,Prof. Nathan Scott,3.3,2025-04-28 21:29:39+05:30
281,STU2023-00281,Liam Moore,ME19-281,1,IT210,Dr. Marcus Lee,2.5,2021-05-01 21:32:46+05:30
282,STU2024-00282,Noah Thompson,BIO20-282,2,STAT230,Prof. Peter O'Connor,3.0,2022-06-02 22:35:53+05:30
283,STU2019-00283,Oliver Ramirez,PHY21-283,3,BIO250,Dr. Irene Novak,4.3,2023-07-03 23:38:00+05:30
284,STU2020-00284,Elijah Allen,STAT22-284,4,PSY101,Prof. Diego Fernandez,3.5,2024-08-05 00:41:07+05:30
285,STU2021-00285,James Nguyen,ME23-285,5,CIV202,Dr. Yuki Tanaka,2.1,2025-09-06 01:44:14+05:30
286,STU2022-00286,William Nelson,BIO24-286,6,CS102,Prof. Emily Turner,4.0,2021-10-07 02:47:21+05:30
287,STU2023-00287,Benjamin Mitchell,PHY25-287,7,DS301,Dr. Michael Zhang,3.6,2022-11-08 03:50:28+05:30
288,STU2024-00288,Lucas Evans,STAT19-288,8,PHY110,Prof. Grace Kim,4.5,2023-12-09 04:53:35+05:30
289,STU2019-00289,Henry Edwards,ME20-289,1,ENG202,Dr. Chloe Martin,4.1,2024-01-09 05:56:42+05:30
290,STU2020-00290,Jack Morales,BIO21-290,2,FIN230,Prof. Thomas Weber,5.0,2025-02-10 06:59:49+05:30
291,STU2021-00291,Emma Ortiz,PHY22-291,3,MUS107,Dr. Anita Desai,2.7,2021-03-11 08:02:56+05:30
292,STU2022-00292,Olivia Reed,STAT23-292,4,CS202,Prof. Ana Pereira,1.8,2022-04-12 09:05:03+05:30
293,STU2023-00293,Ava Jones,ME24-293,5,MATH101,Dr. Hannah Wolff,3.2,2023-05-13 10:08:10+05:30
294,STU2024-00294,Sophia Martinez,BIO25-294,6,CHEM120,Prof. Sarah Ahmed,3.9,2024-06-14 11:11:17+05:30
295,STU2019-00295,Isabella Anderson,PHY19-295,7,ECON305,Dr. Emily Chen,3.8,2025-07-15 12:14:24+05:30
296,STU2020-00296,Mia Martin,STAT20-296,8,LAW210,Prof. Julia Rossi,4.8,2021-08-16 13:17:31+05:30
297,STU2021-00297,Amelia Harris,ME21-297,1,ENV201,Dr. Noor Rahman,4.2,2022-09-17 14:20:38+05:30
298,STU2022-00298,Harper Robinson,BIO22-298,2,CS450,Prof. Liam O'Brien,2.9,2023-10-18 15:23:45+05:30
299,STU2023-00299,Evelyn Wright,PHY23-299,3,MATH310,Dr. Kenneth Howard,4.7,2024-11-19 16:26:52+05:30
300,STU2024-00300,Abigail Flores,STAT24-300,4,BIO150,Prof. Nathan Scott,3.3,2025-12-20 17:29:59+05:30
301,STU2019-00301,Emily Hall,ME25-001,5,PHIL103,Dr. Marcus Lee,2.5,2021-01-21 17:32:06+05:30
302,STU2020-00302,Ella Roberts,BIO19-002,6,EE201,Prof. Peter O'Connor,3.0,2022-02-22 18:35:13+05:30
303,STU2021-00303,Elizabeth Diaz,PHY20-003,7,CS101,Dr. Irene Novak,4.3,2023-03-23 19:38:20+05:30
304,STU2022-00304,Camila Reyes,STAT21-004,8,IT310,Prof. Diego Fernandez,3.5,2024-04-24 20:41:27+05:30
305,STU2023-00305,Luna Cook,ME22-005,1,STAT330,Dr. Yuki Tanaka,2.1,2025-05-25 21:44:34+05:30
306,STU2024-00306,Sofia Cooper,BIO23-006,2,ENG102,Prof. Emily Turner,4.0,2021-06-26 22:47:41+05:30
307,STU2019-00307,Avery Johnson,PHY24-007,3,BUS220,Dr. Michael Zhang,3.6,2022-07-27 23:50:48+05:30
308,STU2020-00308,Mila Miller,STAT25-008,4,ART105,Prof. Grace Kim,4.5,2023-08-29 00:53:55+05:30
309,STU2021-00309,Aria Lopez,ME19-009,5,CS201,Dr. Chloe Martin,4.1,2024-09-02 01:56:02+05:30
310,STU2022-00310,Scarlett Taylor,BIO20-010,6,DS401,Prof. Thomas Weber,5.0,2025-10-03 02:59:09+05:30
311,STU2023-00311,Penelope Perez,PHY21-011,7,PHY210,Dr. Anita Desai,2.7,2021-11-04 04:02:16+05:30
312,STU2024-00312,Layla Clark,STAT22-012,8,ECON205,Prof. Ana Pereira,1.8,2022-12-05 05:05:23+05:30
313,STU2019-00313,Chloe Young,ME23-013,1,ACC240,Dr. Hannah Wolff,3.2,2023-01-05 06:08:30+05:30
314,STU2020-00314,Victoria Torres,BIO24-014,2,GEO101,Prof. Sarah Ahmed,3.9,2024-02-06 07:11:37+05:30
315,STU2021-00315,Nora Adams,PHY25-015,3,CS303,Dr. Emily Chen,3.8,2025-03-07 08:14:44+05:30
316,STU2022-00316,Hazel Campbell,STAT19-016,4,MATH201,Prof. Julia Rossi,4.8,2021-04-08 09:17:51+05:30
317,STU2023-00317,Zoey Phillips,ME20-017,5,CHEM220,Dr. Noor Rahman,4.2,2022-05-09 10:20:58+05:30
318,STU2024-00318,Riley Cruz,BIO21-018,6,HIST210,Prof. Liam O'Brien,2.9,2023-06-10 11:23:05+05:30
319,STU2019-00319,Lily Morris,PHY22-019,7,ME205,Dr. Kenneth Howard,4.7,2024-07-11 12:26:12+05:30
320,STU2020-00320,Violet Gutierrez,STAT23-020,8,MKT310,Prof. Nathan Scott,3.3,2025-08-12 13:29:19+05:30
321,STU2021-00321,Liam Bailey,ME24-021,1,IT210,Dr. Marcus Lee,2.5,2021-09-13 13:32:26+05:30
322,STU2022-00322,Noah Brown,BIO25-022,2,STAT230,Prof. Peter O'Connor,3.0,2022-10-14 14:35:33+05:30
323,STU2023-00323,Oliver Rodriguez,PHY19-023,3,BIO250,Dr. Irene Novak,4.3,2023-11-15 15:38:40+05:30
324,STU2024-00324,Elijah Wilson,STAT20-024,4,PSY101,Prof. Diego Fernandez,3.5,2024-12-16 16:41:47+05:30
325,STU2019-00325,James Jackson,ME21-025,5,CIV202,Dr. Yuki Tanaka,2.1,2025-01-17 17:44:54+05:30
326,STU2020-00326,William White,BIO22-026,6,CS102,Prof. Emily Turner,4.0,2021-02-18 18:47:01+05:30
327,STU2021-00327,Benjamin Lewis,PHY23-027,7,DS301,Dr. Michael Zhang,3.6,2022-03-19 19:50:08+05:30
328,STU2022-00328,Lucas King,STAT24-028,8,PHY110,Prof. Grace Kim,4.5,2023-04-20 20:53:15+05:30
329,STU2023-00329,Henry Hill,ME25-029,1,ENG202,Dr. Chloe Martin,4.1,2024-05-21 21:56:22+05:30
330,STU2024-00330,Jack Baker,BIO19-030,2,FIN230,Prof. Thomas Weber,5.0,2025-06-22 22:59:29+05:30
331,STU2019-00331,Emma Carter,PHY20-031,3,MUS107,Dr. Anita Desai,2.7,2021-07-24 00:02:36+05:30
332,STU2020-00332,Olivia Turner,STAT21-032,4,CS202,Prof. Ana Pereira,1.8,2022-08-25 01:05:43+05:30
333,STU2021-00333,Ava Collins,ME22-033,5,MATH101,Dr. Hannah Wolff,3.2,2023-09-26 02:08:50+05:30
334,STU2022-00334,Sophia Murphy,BIO23-034,6,CHEM120,Prof. Sarah Ahmed,3.9,2024-10-27 03:11:57+05:30
335,STU2023-00335,Isabella Morgan,PHY24-035,7,ECON305,Dr. Emily Chen,3.8,2025-11-28 04:14:04+05:30
336,STU2024-00336,Mia Smith,STAT25-036,8,LAW210,Prof. Julia Rossi,4.8,2021-12-29 05:17:11+05:30
337,STU2019-00337,Amelia Garcia,ME19-037,1,ENV201,Dr. Noor Rahman,4.2,2022-01-01 06:20:18+05:30
338,STU2020-00338,Harper Hernandez,BIO20-038,2,CS450,Prof. Liam O'Brien,2.9,2023-02-02 07:23:25+05:30
339,STU2021-00339,Evelyn Thomas,PHY21-039,3,MATH310,Dr. Kenneth Howard,4.7,2024-03-03 08:26:32+05:30
340,STU2022-00340,Abigail Lee,STAT22-040,4,BIO150,Prof. Nathan Scott,3.3,2025-04-04 09:29:39+05:30
341,STU2023-00341,Emily Sanchez,ME23-041,5,PHIL103,Dr. Marcus Lee,2.5,2021-05-05 09:32:46+05:30
342,STU2024-00342,Ella Walker,BIO24-042,6,EE201,Prof. Peter O'Connor,3.0,2022-06-06 10:35:53+05:30
343,STU2019-00343,Elizabeth Scott,PHY25-043,7,CS101,Dr. Irene Novak,4.3,2023-07-07 11:38:00+05:30
344,STU2020-00344,Camila Green,STAT19-044,8,IT310,Prof. Diego Fernandez,3.5,2024-08-08 12:41:07+05:30
345,STU2021-00345,Luna Rivera,ME20-045,1,STAT330,Dr. Yuki Tanaka,2.1,2025-09-09 13:44:14+05:30
346,STU2022-00346,Sofia Gomez,BIO21-046,2,ENG102,Prof. Emily Turner,4.0,2021-10-10 14:47:21+05:30
347,STU2023-00347,Avery Parker,PHY22-047,3,BUS220,Dr. Michael Zhang,3.6,2022-11-11 15:50:28+05:30
348,STU2024-00348,Mila Stewart,STAT23-048,4,ART105,Prof. Grace Kim,4.5,2023-12-12 16:53:35+05:30
349,STU2019-00349,Aria Rogers,ME24-049,5,CS201,Dr. Chloe Martin,4.1,2024-01-13 17:56:42+05:30
350,STU2020-00350,Scarlett Peterson,BIO25-050,6,DS401,Prof. Thomas Weber,5.0,2025-02-14 18:59:49+05:30
351,STU2021-00351,Penelope Williams,PHY19-051,7,PHY210,Dr. Anita Desai,2.7,2021-03-15 20:02:56+05:30
352,STU2022-00352,Layla Davis,STAT20-052,8,ECON205,Prof. Ana Pereira,1.8,2022-04-16 21:05:03+05:30
353,STU2023-00353,Chloe Gonzalez,ME21-053,1,ACC240,Dr. Hannah Wolff,3.2,2023-05-17 22:08:10+05:30
354,STU2024-00354,Victoria Moore,BIO22-054,2,GEO101,Prof. Sarah Ahmed,3.9,2024-06-18 23:11:17+05:30
355,STU2019-00355,Nora Thompson,PHY23-055,3,CS303,Dr. Emily Chen,3.8,2025-07-20 00:14:24+05:30
356,STU2020-00356,Hazel Ramirez,STAT24-056,4,MATH201,Prof. Julia Rossi,4.8,2021-08-21 01:17:31+05:30
357,STU2021-00357,Zoey Allen,ME25-057,5,CHEM220,Dr. Noor Rahman,4.2,2022-09-22 02:20:38+05:30
358,STU2022-00358,Riley Nguyen,BIO19-058,6,HIST210,Prof. Liam O'Brien,2.9,2023-10-23 03:23:45+05:30
359,STU2023-00359,Lily Nelson,PHY20-059,7,ME205,Dr. Kenneth Howard,4.7,2024-11-24 04:26:52+05:30
360,STU2024-00360,Violet Mitchell,STAT21-060,8,MKT310,Prof. Nathan Scott,3.3,2025-12-25 05:29:59+05:30
361,STU2019-00361,Liam Evans,ME22-061,1,IT210,Dr. Marcus Lee,2.5,2021-01-25 05:32:06+05:30
362,STU2020-00362,Noah Edwards,BIO23-062,2,STAT230,Prof. Peter O'Connor,3.0,2022-02-26 06:35:13+05:30
363,STU2021-00363,Oliver Morales,PHY24-063,3,BIO250,Dr. Irene Novak,4.3,2023-03-27 07:38:20+05:30
364,STU2022-00364,Elijah Ortiz,STAT25-064,4,PSY101,Prof. Diego Fernandez,3.5,2024-04-28 08:41:27+05:30
365,STU2023-00365,James Reed,ME19-065,5,CIV202,Dr. Yuki Tanaka,2.1,2025-05-01 09:44:34+05:30
366,STU2024-00366,William Jones,BIO20-066,6,CS102,Prof. Emily Turner,4.0,2021-06-02 10:47:41+05:30
367,STU2019-00367,Benjamin Martinez,PHY21-067,7,DS301,Dr. Michael Zhang,3.6,2022-07-03 11:50:48+05:30
368,STU2020-00368,Lucas Anderson,STAT22-068,8,PHY110,Prof. Grace Kim,4.5,2023-08-04 12:53:55+05:30
369,STU2021-00369,Henry Martin,ME23-069,1,ENG202,Dr. Chloe Martin,4.1,2024-09-05 13:56:02+05:30
370,STU2022-00370,Jack Harris,BIO24-070,2,FIN230,Prof. Thomas Weber,5.0,2025-10-06 14:59:09+05:30
371,STU2023-00371,Emma Robinson,PHY25-071,3,MUS107,Dr. Anita Desai,2.7,2021-11-07 16:02:16+05:30
372,STU2024-00372,Olivia Wright,STAT19-072,4,CS202,Prof. Ana Pereira,1.8,2022-12-08 17:05:23+05:30
373,STU2019-00373,Ava Flores,ME20-073,5,MATH101,Dr. Hannah Wolff,3.2,2023-01-09 18:08:30+05:30
374,STU2020-00374,Sophia Hall,BIO21-074,6,CHEM120,Prof. Sarah Ahmed,3.9,2024-02-10 19:11:37+05:30
375,STU2021-00375,Isabella Roberts,PHY22-075,7,ECON305,Dr. Emily Chen,3.8,2025-03-11 20:14:44+05:30
376,STU2022-00376,Mia Diaz,STAT23-076,8,LAW210,Prof. Julia Rossi,4.8,2021-04-12 21:17:51+05:30
377,STU2023-00377,Amelia Reyes,ME24-077,1,ENV201,Dr. Noor Rahman,4.2,2022-05-13 22:20:58+05:30
378,STU2024-00378,Harper Cook,BIO25-078,2,CS450,Prof. Liam O'Brien,2.9,2023-06-14 23:23:05+05:30
379,STU2019-00379,Evelyn Cooper,PHY19-079,3,MATH310,Dr. Kenneth Howard,4.7,2024-07-16 00:26:12+05:30
380,STU2020-00380,Abigail Johnson,STAT20-080,4,BIO150,Prof. Nathan Scott,3.3,2025-08-17 01:29:19+05:30
381,STU2021-00381,Emily Miller,ME21-081,5,PHIL103,Dr. Marcus Lee,2.5,2021-09-18 01:32:26+05:30
382,STU2022-00382,Ella Lopez,BIO22-082,6,EE201,Prof. Peter O'Connor,3.0,2022-10-19 02:35:33+05:30
383,STU2023-00383,Elizabeth Taylor,PHY23-083,7,CS101,Dr. Irene Novak,4.3,2023-11-20 03:38:40+05:30
384,STU2024-00384,Camila Perez,STAT24-084,8,IT310,Prof. Diego Fernandez,3.5,2024-12-21 04:41:47+05:30
385,STU2019-00385,Luna Clark,ME25-085,1,STAT330,Dr. Yuki Tanaka,2.1,2025-01-21 05:44:54+05:30
386,STU2020-00386,Sofia Young,BIO19-086,2,ENG102,Prof. Emily Turner,4.0,2021-02-22 06:47:01+05:30
387,STU2021-00387,Avery Torres,PHY20-087,3,BUS220,Dr. Michael Zhang,3.6,2022-03-23 07:50:08+05:30
388,STU2022-00388,Mila Adams,STAT21-088,4,ART105,Prof. Grace Kim,4.5,2023-04-24 08:53:15+05:30
389,STU2023-00389,Aria Campbell,ME22-089,5,CS201,Dr. Chloe Martin,4.1,2024-05-25 09:56:22+05:30
390,STU2024-00390,Scarlett Phillips,BIO23-090,6,DS401,Prof. Thomas Weber,5.0,2025-06-26 10:59:29+05:30
391,STU2019-00391,Penelope Cruz,PHY24-091,7,PHY210,Dr. Anita Desai,2.7,2021-07-27 12:02:36+05:30
392,STU2020-00392,Layla Morris,STAT25-092,8,ECON205,Prof. Ana Pereira,1.8,2022-08-28 13:05:43+05:30
393,STU2021-00393,Chloe Gutierrez,ME19-093,1,ACC240,Dr. Hannah Wolff,3.2,2023-09-01 14:08:50+05:30
394,STU2022-00394,Victoria Bailey,BIO20-094,2,GEO101,Prof. Sarah Ahmed,3.9,2024-10-02 15:11:57+05:30
395,STU2023-00395,Nora Brown,PHY21-095,3,CS303,Dr. Emily Chen,3.8,2025-11-03 16:14:04+05:30
396,STU2024-00396,Hazel Rodriguez,STAT22-096,4,MATH201,Prof. Julia Rossi,4.8,2021-12-04 17:17:11+05:30
397,STU2019-00397,Zoey Wilson,ME23-097,5,CHEM220,Dr. Noor Rahman,4.2,2022-01-05 18:20:18+05:30
398,STU2020-00398,Riley Jackson,BIO24-098,6,HIST210,Prof. Liam O'Brien,2.9,2023-02-06 19:23:25+05:30
399,STU2021-00399,Lily White,PHY25-099,7,ME205,Dr. Kenneth Howard,4.7,2024-03-07 20:26:32+05:30
400,STU2022-00400,Violet Lewis,STAT19-100,8,MKT310,Prof. Nathan Scott,3.3,2025-04-08 21:29:39+05:30
401,STU2023-00401,Liam King,ME20-101,1,IT210,Dr. Marcus Lee,2.5,2021-05-09 21:32:46+05:30
402,STU2024-00402,Noah Hill,BIO21-102,2,STAT230,Prof. Peter O'Connor,3.0,2022-06-10 22:35:53+05:30
403,STU2019-00403,Oliver Baker,PHY22-103,3,BIO250,Dr. Irene Novak,4.3,2023-07-11 23:38:00+05:30
404,STU2020-00404,Elijah Carter,STAT23-104,4,PSY101,Prof. Diego Fernandez,3.5,2024-08-13 00:41:07+05:30
405,STU2021-00405,James Turner,ME24-105,5,CIV202,Dr. Yuki Tanaka,2.1,2025-09-14 01:44:14+05:30
406,STU2022-00406,William Collins,BIO25-106,6,CS102,Prof. Emily Turner,4.0,2021-10-15 02:47:21+05:30
407,STU2023-00407,Benjamin Murphy,PHY19-107,7,DS301,Dr. Michael Zhang,3.6,2022-11-16 03:50:28+05:30
408,STU2024-00408,Lucas Morgan,STAT20-108,8,PHY110,Prof. Grace Kim,4.5,2023-12-17 04:53:35+05:30
409,STU2019-00409,Henry Smith,ME21-109,1,ENG202,Dr. Chloe Martin,4.1,2024-01-17 05:56:42+05:30
410,STU2020-00410,Jack Garcia,BIO22-110,2,FIN230,Prof. Thomas Weber,5.0,2025-02-18 06:59:49+05:30
411,STU2021-00411,Emma Hernandez,PHY23-111,3,MUS107,Dr. Anita Desai,2.7,2021-03-19 08:02:56+05:30
412,STU2022-00412,Olivia Thomas,STAT24-112,4,CS202,Prof. Ana Pereira,1.8,2022-04-20 09:05:03+05:30
413,STU2023-00413,Ava Lee,ME25-113,5,MATH101,Dr. Hannah Wolff,3.2,2023-05-21 10:08:10+05:30
414,STU2024-00414,Sophia Sanchez,BIO19-114,6,CHEM120,Prof. Sarah Ahmed,3.9,2024-06-22 11:11:17+05:30
415,STU2019-00415,Isabella Walker,PHY20-115,7,ECON305,Dr. Emily Chen,3.8,2025-07-23 12:14:24+05:30
416,STU2020-00416,Mia Scott,STAT21-116,8,LAW210,Prof. Julia Rossi,4.8,2021-08-24 13:17:31+05:30
417,STU2021-00417,Amelia Green,ME22-117,1,ENV201,Dr. Noor Rahman,4.2,2022-09-25 14:20:38+05:30
418,STU2022-00418,Harper Rivera,BIO23-118,2,CS450,Prof. Liam O'Brien,2.9,2023-10-26 15:23:45+05:30
419,STU2023-00419,Evelyn Gomez,PHY24-119,3,MATH310,Dr. Kenneth Howard,4.7,2024-11-27 16:26:52+05:30
420,STU2024-00420,Abigail Parker,STAT25-120,4,BIO150,Prof. Nathan Scott,3.3,2025-12-28 17:29:59+05:30
421,STU2019-00421,Emily Stewart,ME19-121,5,PHIL103,Dr. Marcus Lee,2.5,2021-01-01 17:32:06+05:30
422,STU2020-00422,Ella Rogers,BIO20-122,6,EE201,Prof. Peter O'Connor,3.0,2022-02-02 18:35:13+05:30
423,STU2021-00423,Elizabeth Peterson,PHY21-123,7,CS101,Dr. Irene Novak,4.3,2023-03-03 19:38:20+05:30
424,STU2022-00424,Camila Williams,STAT22-124,8,IT310,Prof. Diego Fernandez,3.5,2024-04-04 20:41:27+05:30
425,STU2023-00425,Luna Davis,ME23-125,1,STAT330,Dr. Yuki Tanaka,2.1,2025-05-05 21:44:34+05:30
426,STU2024-00426,Sofia Gonzalez,BIO24-126,2,ENG102,Prof. Emily Turner,4.0,2021-06-06 22:47:41+05:30
427,STU2019-00427,Avery Moore,PHY25-127,3,BUS220,Dr. Michael Zhang,3.6,2022-07-07 23:50:48+05:30
428,STU2020-00428,Mila Thompson,STAT19-128,4,ART105,Prof. Grace Kim,4.5,2023-08-09 00:53:55+05:30
429,STU2021-00429,Aria Ramirez,ME20-129,5,CS201,Dr. Chloe Martin,4.1,2024-09-10 01:56:02+05:30
430,STU2022-00430,Scarlett Allen,BIO21-130,6,DS401,Prof. Thomas Weber,5.0,2025-10-11 02:59:09+05:30
431,STU2023-00431,Penelope Nguyen,PHY22-131,7,PHY210,Dr. Anita Desai,2.7,2021-11-12 04:02:16+05:30
432,STU2024-00432,Layla Nelson,STAT23-132,8,ECON205,Prof. Ana Pereira,1.8,2022-12-13 05:05:23+05:30
433,STU2019-00433,Chloe Mitchell,ME24-133,1,ACC240,Dr. Hannah Wolff,3.2,2023-01-13 06:08:30+05:30
434,STU2020-00434,Victoria Evans,BIO25-134,2,GEO101,Prof. Sarah Ahmed,3.9,2024-02-14 07:11:37+05:30
435,STU2021-00435,Nora Edwards,PHY19-135,3,CS303,Dr. Emily Chen,3.8,2025-03-15 08:14:44+05:30
436,STU2022-00436,Hazel Morales,STAT20-136,4,MATH201,Prof. Julia Rossi,4.8,2021-04-16 09:17:51+05:30
437,STU2023-00437,Zoey Ortiz,ME21-137,5,CHEM220,Dr. Noor Rahman,4.2,2022-05-17 10:20:58+05:30
438,STU2024-00438,Riley Reed,BIO22-138,6,HIST210,Prof. Liam O'Brien,2.9,2023-06-18 11:23:05+05:30
439,STU2019-00439,Lily Jones,PHY23-139,7,ME205,Dr. Kenneth Howard,4.7,2024-07-19 12:26:12+05:30
440,STU2020-00440,Violet Martinez,STAT24-140,8,MKT310,Prof. Nathan Scott,3.3,2025-08-20 13:29:19+05:30
441,STU2021-00441,Liam Anderson,ME25-141,1,IT210,Dr. Marcus Lee,2.5,2021-09-21 13:32:26+05:30
442,STU2022-00442,Noah Martin,BIO19-142,2,STAT230,Prof. Peter O'Connor,3.0,2022-10-22 14:35:33+05:30
443,STU2023-00443,Oliver Harris,PHY20-143,3,BIO250,Dr. Irene Novak,4.3,2023-11-23 15:38:40+05:30
444,STU2024-00444,Elijah Robinson,STAT21-144,4,PSY101,Prof. Diego Fernandez,3.5,2024-12-24 16:41:47+05:30
445,STU2019-00445,James Wright,ME22-145,5,CIV202,Dr. Yuki Tanaka,2.1,2025-01-25 17:44:54+05:30
446,STU2020-00446,William Flores,BIO23-146,6,CS102,Prof. Emily Turner,4.0,2021-02-26 18:47:01+05:30
447,STU2021-00447,Benjamin Hall,PHY24-147,7,DS301,Dr. Michael Zhang,3.6,2022-03-27 19:50:08+05:30
448,STU2022-00448,Lucas Roberts,STAT25-148,8,PHY110,Prof. Grace Kim,4.5,2023-04-28 20:53:15+05:30
449,STU2023-00449,Henry Diaz,ME19-149,1,ENG202,Dr. Chloe Martin,4.1,2024-05-01 21:56:22+05:30
450,STU2024-00450,Jack Reyes,BIO20-150,2,FIN230,Prof. Thomas Weber,5.0,2025-06-02 22:59:29+05:30
451,STU2019-00451,Emma Cook,PHY21-151,3,MUS107,Dr. Anita Desai,2.7,2021-07-04 00:02:36+05:30
452,STU2020-00452,Olivia Cooper,STAT22-152,4,CS202,Prof. Ana Pereira,1.8,2022-08-05 01:05:43+05:30
453,STU2021-00453,Ava Johnson,ME23-153,5,MATH101,Dr. Hannah Wolff,3.2,2023-09-06 02:08:50+05:30
454,STU2022-00454,Sophia Miller,BIO24-154,6,CHEM120,Prof. Sarah Ahmed,3.9,2024-10-07 03:11:57+05:30
455,STU2023-00455,Isabella Lopez,PHY25-155,7,ECON305,Dr. Emily Chen,3.8,2025-11-08 04:14:04+05:30
456,STU2024-00456,Mia Taylor,STAT19-156,8,LAW210,Prof. Julia Rossi,4.8,2021-12-09 05:17:11+05:30
457,STU2019-00457,Amelia Perez,ME20-157,1,ENV201,Dr. Noor Rahman,4.2,2022-01-09 06:20:18+05:30
458,STU2020-00458,Harper Clark,BIO21-158,2,CS450,Prof. Liam O'Brien,2.9,2023-02-10 07:23:25+05:30
459,STU2021-00459,Evelyn Young,PHY22-159,3,MATH310,Dr. Kenneth Howard,4.7,2024-03-11 08:26:32+05:30
460,STU2022-00460,Abigail Torres,STAT23-160,4,BIO150,Prof. Nathan Scott,3.3,2025-04-12 09:29:39+05:30
461,STU2023-00461,Emily Adams,ME24-161,5,PHIL103,Dr. Marcus Lee,2.5,2021-05-13 09:32:46+05:30
462,STU2024-00462,Ella Campbell,BIO25-162,6,EE201,Prof. Peter O'Connor,3.0,2022-06-14 10:35:53+05:30
463,STU2019-00463,Elizabeth Phillips,PHY19-163,7,CS101,Dr. Irene Novak,4.3,2023-07-15 11:38:00+05:30
464,STU2020-00464,Camila Cruz,STAT20-164,8,IT310,Prof. Diego Fernandez,3.5,2024-08-16 12:41:07+05:30
465,STU2021-00465,Luna Morris,ME21-165,1,STAT330,Dr. Yuki Tanaka,2.1,2025-09-17 13:44:14+05:30
466,STU2022-00466,Sofia Gutierrez,BIO22-166,2,ENG102,Prof. Emily Turner,4.0,2021-10-18 14:47:21+05:30
467,STU2023-00467,Avery Bailey,PHY23-167,3,BUS220,Dr. Michael Zhang,3.6,2022-11-19 15:50:28+05:30
468,STU2024-00468,Mila Brown,STAT24-168,4,ART105,Prof. Grace Kim,4.5,2023-12-20 16:53:35+05:30
469,STU2019-00469,Aria Rodriguez,ME25-169,5,CS201,Dr. Chloe Martin,4.1,2024-01-21 17:56:42+05:30
470,STU2020-00470,Scarlett Wilson,BIO19-170,6,DS401,Prof. Thomas Weber,5.0,2025-02-22 18:59:49+05:30
471,STU2021-00471,Penelope Jackson,PHY20-171,7,PHY210,Dr. Anita Desai,2.7,2021-03-23 20:02:56+05:30
472,STU2022-00472,Layla White,STAT21-172,8,ECON205,Prof. Ana Pereira,1.8,2022-04-24 21:05:03+05:30
473,STU2023-00473,Chloe Lewis,ME22-173,1,ACC240,Dr. Hannah Wolff,3.2,2023-05-25 22:08:10+05:30
474,STU2024-00474,Victoria King,BIO23-174,2,GEO101,Prof. Sarah Ahmed,3.9,2024-06-26 23:11:17+05:30
475,STU2019-00475,Nora Hill,PHY24-175,3,CS303,Dr. Emily Chen,3.8,2025-07-28 00:14:24+05:30
476,STU2020-00476,Hazel Baker,STAT25-176,4,MATH201,Prof. Julia Rossi,4.8,2021-08-29 01:17:31+05:30
477,STU2021-00477,Zoey Carter,ME19-177,5,CHEM220,Dr. Noor Rahman,4.2,2022-09-02 02:20:38+05:30
478,STU2022-00478,Riley Turner,BIO20-178,6,HIST210,Prof. Liam O'Brien,2.9,2023-10-03 03:23:45+05:30
479,STU2023-00479,Lily Collins,PHY21-179,7,ME205,Dr. Kenneth Howard,4.7,2024-11-04 04:26:52+05:30
480,STU2024-00480,Violet Murphy,STAT22-180,8,MKT310,Prof. Nathan Scott,3.3,2025-12-05 05:29:59+05:30
481,STU2019-00481,Liam Morgan,ME23-181,1,IT210,Dr. Marcus Lee,2.5,2021-01-05 05:32:06+05:30
482,STU2020-00482,Noah Smith,BIO24-182,2,STAT230,Prof. Peter O'Connor,3.0,2022-02-06 06:35:13+05:30
483,STU2021-00483,Oliver Garcia,PHY25-183,3,BIO250,Dr. Irene Novak,4.3,2023-03-07 07:38:20+05:30
484,STU2022-00484,Elijah Hernandez,STAT19-184,4,PSY101,Prof. Diego Fernandez,3.5,2024-04-08 08:41:27+05:30
485,STU2023-00485,James Thomas,ME20-185,5,CIV202,Dr. Yuki Tanaka,2.1,2025-05-09 09:44:34+05:30
486,STU2024-00486,William Lee,BIO21-186,6,CS102,Prof. Emily Turner,4.0,2021-06-10 10:47:41+05:30
487,STU2019-00487,Benjamin Sanchez,PHY22-187,7,DS301,Dr. Michael Zhang,3.6,2022-07-11 11:50:48+05:30
488,STU2020-00488,Lucas Walker,STAT23-188,8,PHY110,Prof. Grace Kim,4.5,2023-08-12 12:53:55+05:30
489,STU2021-00489,Henry Scott,ME24-189,1,ENG202,Dr. Chloe Martin,4.1,2024-09-13 13:56:02+05:30
490,STU2022-00490,Jack Green,BIO25-190,2,FIN230,Prof. Thomas Weber,5.0,2025-10-14 14:59:09+05:30
491,STU2023-00491,Emma Rivera,PHY19-191,3,MUS107,Dr. Anita Desai,2.7,2021-11-15 16:02:16+05:30
492,STU2024-00492,Olivia Gomez,STAT20-192,4,CS202,Prof. Ana Pereira,1.8,2022-12-16 17:05:23+05:30
493,STU2019-00493,Ava Parker,ME21-193,5,MATH101,Dr. Hannah Wolff,3.2,2023-01-17 18:08:30+05:30
494,STU2020-00494,Sophia Stewart,BIO22-194,6,CHEM120,Prof. Sarah Ahmed,3.9,2024-02-18 19:11:37+05:30
495,STU2021-00495,Isabella Rogers,PHY23-195,7,ECON305,Dr. Emily Chen,3.8,2025-03-19 20:14:44+05:30
496,STU2022-00496,Mia Peterson,STAT24-196,8,LAW210,Prof. Julia Rossi,4.8,2021-04-20 21:17:51+05:30
497,STU2023-00497,Amelia Williams,ME25-197,1,ENV201,Dr. Noor Rahman,4.2,2022-05-21 22:20:58+05:30
498,STU2024-00498,Harper Davis,BIO19-198,2,CS450,Prof. Liam O'Brien,2.9,2023-06-22 23:23:05+05:30
499,STU2019-00499,Evelyn Gonzalez,PHY20-199,3,MATH310,Dr. Kenneth Howard,4.7,2024-07-24 00:26:12+05:30
500,STU2020-00500,Abigail Moore,STAT21-200,4,BIO150,Prof. Nathan Scott,3.3,2025-08-25 01:29:19+05:30
